{
   "LosslessFourierCompression": 1.0,
   "RunLengthEncoding": 0.38399576226495913,
   "HuffmanEncoding": 0.8188340973145578,
   "ZLIB": 0.8917637090447963,
   "GZIP": 0.8917633613886101,
   "BZ2": 0.8825800355028431,
   "LZMA": 0.8506132953252163,
   "BlockDecompositionMethod": 0.8900462936636042
}