{
   "Test": 0.9999999999999998,
   "RunLengthEncoding": 1.6273928491330353e-16
}