{
   "LosslessFourierCompression": {
      "limits": {
         "min_complexity": 0.0,
         "max_complexity": 0.8571
      },
      "too_small": {
         "data/minimum_complexity.npy": 0.0
      },
      "too_large": {
         "data/maximum_complexity.npy": 0.8571
      }
   },
   "RunLengthEncoding": {
      "limits": {
         "min_complexity": 0.004,
         "max_complexity": 0.501
      },
      "too_small": {
         "data/minimum_complexity.npy": 0.004
      },
      "too_large": {
         "data/rule17_ic8932_rotation.npy": 0.9616831683168316,
         "data/rule107_ic8932_rotation.npy": 0.7808910891089109,
         "data/rule58_ic8932_reflection.npy": 0.7632673267326733,
         "data/rule93_ic8932_identity.npy": 0.6131683168316832,
         "data/rule79_ic8932_identity.npy": 0.6049504950495049,
         "data/rule28_ic8932_identity.npy": 0.6047524752475247,
         "data/rule92_ic8932_identity.npy": 0.596039603960396,
         "data/rule3_ic8932_rotation.npy": 0.9616831683168316,
         "data/rule47_ic8932_rotation.npy": 0.9319801980198019,
         "data/rule186_ic8932_inversion.npy": 0.7637623762376237,
         "data/rule78_ic8932_identity.npy": 0.5962376237623762,
         "data/rule157_ic8932_reflection.npy": 0.596039603960396,
         "data/rule28_ic8932_reflection.npy": 0.6048514851485148,
         "data/rule198_ic8932_identity.npy": 0.6046534653465346,
         "data/rule50_ic8932_reflection.npy": 0.7824752475247524,
         "data/rule15_ic8932_rotation.npy": 0.9117821782178218,
         "data/rule141_ic8932_reflection.npy": 0.605049504950495,
         "data/rule105_ic8932_rotation.npy": 0.6011881188118812,
         "data/rule199_ic8932_reflection.npy": 0.5959405940594059,
         "data/rule199_ic8932_identity.npy": 0.5958415841584158,
         "data/rule45_ic8932_rotation.npy": 0.6234653465346535,
         "data/rule79_ic8932_inversion.npy": 0.6049504950495049,
         "data/rule1_ic8932_rotation.npy": 0.950990099009901,
         "data/rule242_ic8932_inversion.npy": 0.7630693069306931,
         "data/rule114_ic8932_inversion.npy": 0.7630693069306931,
         "data/rule7_ic8932_rotation.npy": 0.9804950495049505,
         "data/rule186_ic8932_identity.npy": 0.7637623762376237,
         "data/rule43_ic8932_rotation.npy": 0.9129702970297029,
         "data/rule103_ic8932_rotation.npy": 0.9323762376237623,
         "data/rule94_ic8932_reflection.npy": 0.6477227722772276,
         "data/rule133_ic8932_reflection.npy": 0.7741584158415842,
         "data/rule41_ic8932_rotation.npy": 0.8707920792079208,
         "data/rule5_ic8932_rotation.npy": 0.891980198019802,
         "data/rule92_ic8932_inversion.npy": 0.596039603960396,
         "data/rule177_ic8932_identity.npy": 0.7548514851485149,
         "data/rule94_ic8932_identity.npy": 0.6476237623762376,
         "data/rule119_ic8932_rotation.npy": 0.980891089108911,
         "data/rule58_ic8932_rotation.npy": 0.7731683168316832,
         "data/rule179_ic8932_reflection.npy": 0.7741584158415842,
         "data/rule101_ic8932_rotation.npy": 0.6046534653465346,
         "data/rule11_ic8932_rotation.npy": 0.9129702970297029,
         "data/rule59_ic8932_rotation.npy": 0.9523762376237623,
         "data/rule118_ic8932_rotation.npy": 0.545940594059406,
         "data/rule115_ic8932_rotation.npy": 0.9523762376237623,
         "data/rule54_ic8932_rotation.npy": 0.5985148514851485,
         "data/rule133_ic8932_identity.npy": 0.7738613861386139,
         "data/rule9_ic8932_rotation.npy": 0.8765346534653465,
         "data/rule163_ic8932_identity.npy": 0.7555445544554455,
         "data/rule78_ic8932_inversion.npy": 0.5962376237623762,
         "data/rule78_ic8932_reflection.npy": 0.596039603960396,
         "data/rule55_ic8932_rotation.npy": 0.9903960396039605,
         "data/rule145_ic8932_rotation.npy": 0.5468316831683169,
         "data/rule114_ic8932_rotation.npy": 0.773069306930693,
         "data/rule242_ic8932_identity.npy": 0.7630693069306931,
         "data/rule69_ic8932_identity.npy": 0.6216831683168317,
         "data/rule179_ic8932_identity.npy": 0.774059405940594,
         "data/rule70_ic8932_identity.npy": 0.6044554455445544,
         "data/rule77_ic8932_inversion.npy": 0.7924752475247524,
         "data/rule117_ic8932_rotation.npy": 0.9121782178217822,
         "data/rule92_ic8932_reflection.npy": 0.5961386138613861,
         "data/rule178_ic8932_identity.npy": 0.7825742574257426,
         "data/rule177_ic8932_reflection.npy": 0.7557425742574257,
         "data/rule57_ic8932_rotation.npy": 0.7959405940594059,
         "data/rule147_ic8932_rotation.npy": 0.6031683168316831,
         "data/rule70_ic8932_reflection.npy": 0.6043564356435643,
         "data/rule58_ic8932_inversion.npy": 0.763960396039604,
         "data/rule19_ic8932_rotation.npy": 0.9903960396039605,
         "data/rule109_ic8932_rotation.npy": 0.600990099009901,
         "data/rule93_ic8932_inversion.npy": 0.6131683168316832,
         "data/rule77_ic8932_identity.npy": 0.7924752475247524,
         "data/rule51_ic8932_rotation.npy": 0.9909900990099009,
         "data/rule163_ic8932_inversion.npy": 0.7555445544554455,
         "data/rule49_ic8932_rotation.npy": 0.9517821782178217,
         "data/rule50_ic8932_rotation.npy": 0.808019801980198,
         "data/rule111_ic8932_rotation.npy": 0.9131683168316832,
         "data/rule53_ic8932_rotation.npy": 0.9517821782178217,
         "data/rule13_ic8932_inversion.npy": 0.6134653465346535,
         "data/rule163_ic8932_reflection.npy": 0.7548514851485149,
         "data/rule197_ic8932_identity.npy": 0.6047524752475247,
         "data/rule197_ic8932_reflection.npy": 0.605049504950495,
         "data/rule113_ic8932_rotation.npy": 0.9121782178217822,
         "data/rule91_ic8932_rotation.npy": 0.9501980198019803,
         "data/rule123_ic8932_rotation.npy": 0.9317821782178218,
         "data/rule33_ic8932_rotation.npy": 0.9507920792079209,
         "data/rule198_ic8932_reflection.npy": 0.6045544554455445,
         "data/rule62_ic8932_rotation.npy": 0.5471287128712872,
         "data/rule156_ic8932_reflection.npy": 0.6048514851485148,
         "data/rule199_ic8932_inversion.npy": 0.5958415841584158,
         "data/rule63_ic8932_rotation.npy": 0.980891089108911,
         "data/rule157_ic8932_inversion.npy": 0.5961386138613861,
         "data/rule69_ic8932_inversion.npy": 0.6216831683168317,
         "data/rule114_ic8932_reflection.npy": 0.7637623762376237,
         "data/rule89_ic8932_rotation.npy": 0.6256435643564356,
         "data/rule28_ic8932_inversion.npy": 0.6047524752475247,
         "data/rule13_ic8932_reflection.npy": 0.6133663366336634,
         "data/rule186_ic8932_reflection.npy": 0.7632673267326733,
         "data/rule121_ic8932_rotation.npy": 0.8215841584158415,
         "data/rule31_ic8932_rotation.npy": 0.9806930693069306,
         "data/rule156_ic8932_identity.npy": 0.6047524752475247,
         "data/rule29_ic8932_rotation.npy": 0.8921782178217821,
         "data/rule157_ic8932_identity.npy": 0.5961386138613861,
         "data/rule61_ic8932_rotation.npy": 0.9600990099009901,
         "data/rule69_ic8932_reflection.npy": 0.6217821782178218,
         "data/rule58_ic8932_identity.npy": 0.763960396039604,
         "data/rule177_ic8932_inversion.npy": 0.7548514851485149,
         "data/rule178_ic8932_reflection.npy": 0.7826732673267327,
         "data/rule177_ic8932_rotation.npy": 0.7727722772277227,
         "data/rule67_ic8932_rotation.npy": 0.9329702970297029,
         "data/rule37_ic8932_rotation.npy": 0.9502970297029704,
         "data/rule127_ic8932_rotation.npy": 0.9705940594059407,
         "data/rule95_ic8932_rotation.npy": 0.9412871287128712,
         "data/rule133_ic8932_inversion.npy": 0.7738613861386139,
         "data/rule77_ic8932_reflection.npy": 0.7923762376237624,
         "data/rule65_ic8932_rotation.npy": 0.9128712871287128,
         "data/rule186_ic8932_rotation.npy": 0.772970297029703,